iranyitoszam;telepules;kozterulet;hazszam
null;Shensuo;Kennedy;51
353210;Novotitarovskaya;Toban;42
249018;Bol’shoy Kamen’;Randy;130
null;Speightstown;Mendota;97
29051;Parachinar;Texas;62
null;Gonbad-e Kāvūs;Bartillon;158
null;Yitulihe;Utah;130
86180-000;Cambé;Kinsman;47
2110;Red Hill;Buena Vista;28
null;Longde Chengguanzhen;Arapahoe;158
6414;Heerlen;Mayfield;32
null;Xiaodukou;Carioca;149
null;Arrap’i;Bunting;90
null;Qiaotou;Thackeray;159
3200-399;Vilarinho;Drewry;16
106 42;Stockholm;Blue Bill Park;151
89714;Carson City;Gale;8
null;Yueyang;Green Ridge;123
null;Gikongoro;Fieldstone;158
null;Lebu;Beilfuss;147
null;Heshang;Ronald Regan;107
null;Riangderi;Brown;156
null;Zhaobei;Superior;61
null;Guanmiao;Main;82
null;Stung Treng;Calypso;125
8710;New Iloilo;Stoughton;39
null;Niutian;Doe Crossing;65
null;Jiuhua;Independence;60
58000-000;João Pessoa;Arapahoe;122
623508;Gryaznovskoye;Gina;34
null;Porvenir;Anthes;52
11506;Juan Adrián;Alpine;3
null;Tamanar;Riverside;143
null;Higetegera;Union;28
null;Zrenjanin;Southridge;96
null;Shangmofang;6th;83
null;Bukui;Badeau;158
92511 CEDEX;Boulogne-Billancourt;Paget;120
3119;Tønsberg;Kenwood;63
null;Ya‘bad;Eagan;102
250 06;Helsingborg;Northview;59
453150;Karmaskaly;Buell;32
null;Bantu;Nobel;127
null;Chefchaouene;Loomis;48
null;Liuhao;2nd;119
null;Kezileboyi;Bluejay;140
456862;Tayginka;Annamark;39
null;Hougang;Becker;118
null;Jiaoyuan;School;62
null;Cikendi;Stephen;29
9208;Unidos;Schurz;137
null;Xinye;Sherman;91
null;Dakingari;Tomscot;59
null;Vecumnieki;Washington;144
null;Yangju;Golden Leaf;33
null;Zipárion;Fulton;53
null;Babao;Leroy;102
46964;Petaling Jaya;Aberg;140
null;Ijero-Ekiti;Dennis;159
null;Trucuk;Pond;49
256 55;Helsingborg;Myrtle;14
null;Paita;Fulton;99
4307;Panikihan;Lighthouse Bay;143
null;Nāḩiyat Baḩār;La Follette;133
95190-000;São Marcos;Anzinger;20
2419;Patayac;Derek;99
null;Horad Pinsk;Prentice;133
443049;Barrancas;5th;158
null;Yangmaogong;Dunning;136
null;Haoba;Eastlawn;155
31139 CEDEX;Balma;Kensington;97
null;Bamako;Dottie;28
798 45;Seč;Atwood;148
null;Nanjie;Westridge;95
null;Orocuina;Bluestem;133
null;Novyy Starodub;Logan;141
null;Valbonë;Troy;93
null;Kalloní;Hoepker;119
null;Mombok;La Follette;65
52220;Vinež;American Ash;137
169510;Verkhnyaya Toyma;Grasskamp;103
12210;Albany;Springview;89
3342;San Justo;Hoard;4
45700-000;Itapetinga;Brickson Park;11
null;Artémida;Thackeray;41
null;Khatsyezhyna;Dahle;109
null;Beigang;Everett;11
null;Lukou;Vermont;11
2538;Potchefstroom;Goodland;97
null;Jilma;Lillian;141
68500-000;Marabá;Golden Leaf;96
null;Maliana;Carioca;77
null;Loum;Monument;47
null;Shu;Kings;130
L-9098;Ettelbruck;Oak Valley;71
null;Anchang;Mosinee;111
3515;Laguna Limpia;Lakewood;91
684350;Esso;Macpherson;127
null;Qindu;Gateway;135
null;Songbo;Claremont;146
null;Klirou;Old Gate;5
null;Naḥf;Swallow;3
null;Jihuluntu Sumu;Northwestern;119
99-412;Kiernozia;Havey;44
3517;Cabaritan East;Lake View;6
null;Phong Điền;Rutledge;37
434 38;Kungsbacka;Amoth;107
null;Nūbā;Schmedeman;100
8117;Matiao;Saint Paul;39
null;Qozonketkan;Emmet;131
6001;Consolacion;Sutherland;84
null;Jiufang;Goodland;144
10135;Concepción de La Vega;Eastwood;115
3070-635;Corticeiro de Baixo;Butternut;87
41355 CEDEX;Vineuil;Loomis;109
null;Yarabamba;Thierer;14
4805-550;Vermil;Victoria;134
null;Chantal;Westend;112
null;Chongkan;Lake View;107
null;Dahuangwei;Russell;13
361424;Vol’nyy Aul;Oneill;127
962-0042;Ina;Westerfield;60
null;Mochudi;Manitowish;123
null;Tete;Division;69
null;Caijiazha;Emmet;47
null;‘Uqayribāt;Hauk;86
null;Barubandung;Marquette;12
MD-3730;Străşeni;Golden Leaf;101
null;Ulashan;Alpine;49
null;Xinfengjie;Oxford;40
null;Timbulsari;Vidon;71
null;Arwād;Moland;70
null;Archángelos;Spohn;143
null;Sanxi;Judy;132
131 22;Nacka;Morningstar;34
48912;Lansing;Red Cloud;130
null;Owerri;Jackson;53
M5G;Bassano;Fieldstone;60
397743;Sloboda;Prairie Rose;135
null;Genteng;Jay;35
null;Krueng Luak;Sherman;13
null;Gondang;Chinook;13
6602;Padre Burgos;Pepper Wood;68
4026;Hinigaran;Forest;64
null;Räpina;Blackbird;92
77-133;Tuchomie;Bay;3
671235;Babushkin;Declaration;64
null;Ningxin;Prairie Rose;85
88125 CEDEX;Vagney;Claremont;20
4894;Bulls;Vera;62
null;Huayacundo Arma;Express;124
64-300;Nowy Tomyśl;Sheridan;118
null;Hanjia;Porter;72
87001;Telsiai;Brickson Park;47
null;Daugavpils;Anzinger;56
37795-000;Andradas;Mccormick;145
285 22;Zruč nad Sázavou;Pankratz;146
927-0038;Kashima;Hayes;39
null;Kelungkung;Declaration;104
null;Selenicë;Steensland;54
null;Soras;Esker;36
null;Siteki;Eliot;7
4089;Hafrsfjord;Magdeline;83
null;Reshetylivka;Buhler;4
null;Tembang;2nd;160
null;Jetis;Badeau;38
null;Shilin;Daystar;61
95600;La Guadalupe;Forest;17
424 31;Angered;Anzinger;55
null;Berdyans’k;Burning Wood;26
2975-005;Casal do Sapo;Norway Maple;77
4495-155;Navais;Clove;82
5517;Maipú;Cottonwood;55
55-070;Smolec;Gerald;72
75542 CEDEX 11;Paris 11;Di Loreto;91
null;Chigoré;Portage;46
null;Hrtkovci;Farragut;117
null;Gaoqiao;Mccormick;19
85000-000;Guarapuava;Katie;69
4515-465;Melres;Dakota;67
null;Yonghe;Maple;51
null;Ganjaran;Browning;85
28901 CEDEX 9;Chartres;Onsgard;133
null;Şirvan;Waxwing;22
75518;Melaka;Farwell;39
H9K;Sainte-Marthe-sur-le-Lac;Surrey;24
26834;Roma;Amoth;98
33090 CEDEX;Bordeaux;1st;12
null;Changshu City;Loeprich;133
null;Agara;Kedzie;22
13155 CEDEX;Tarascon;Orin;32
416010;Kharabali;Lukken;88
null;Bosen;Warrior;78
1665;Pajo;Manitowish;26
null;Pandi;Waubesa;52
361326;Psygansu;Starling;148
610-0331;Tanabe;Steensland;55
542 87;Mariestad;Harbort;48
null;Kokopo;Clemons;119
null;Qiaoshi;Clyde Gallagher;5
17320;Asikkala;Truax;116
T1J;Orangeville;Vidon;98
57210;Kap Choeng;Oneill;109
null;Pengbu;Duke;91
null;Luobei;Laurel;40
null;Široki Brijeg;Holy Cross;37
1602;Mailag;Summit;124
92660 CEDEX;Boulogne-Billancourt;Melby;99
null;Moyo;Lien;22
null;Letpandan;Hovde;145
null;Kedungharjo;Luster;67
4770-073;Cabeçudos;3rd;154
null;Jerusalem;Russell;84
15266;Pittsburgh;Stoughton;1
77011;Mach;Hanover;104
231 43;Trelleborg;Fuller;141
null;Lusigang;Bonner;10
null;Guaimaca;Almo;4
null;Mpanda;Ilene;124
null;Gucheng;Spaight;105
20190;Nong Yai;Huxley;51
154648;Chiquinquirá;Calypso;78
102 27;Stockholm;Banding;143
0915;Oslo;Fairfield;157
939-1351;Sendai;Darwin;41
26009 CEDEX;Valence;Knutson;41
null;Kabinda;Hoard;144
null;Daxing;Talmadge;139
null;Monywa;8th;133
5702;Curry;Elmside;10
90005;Los Angeles;Ramsey;129
null;Beitai;Sutherland;67
null;Ciodeng;Division;108
null;Hushaat;Kensington;56
null;Pančevo;Crowley;1
05-831;Granica;Quincy;121
1470;Acli;Ryan;147
null;Brocēni;Superior;131
null;Fenghua;Tomscot;109
85500-000;Pato Branco;Loomis;45
null;Longju;Harbort;16
null;Apopa;Comanche;22
35895;Huntsville;Cody;15
23504;Norfolk;Truax;33
330 21;Líně;Basil;15
5500;Molteno;Roth;44
null;Easington;Alpine;124
null;Energeticheskiy;Paget;101
null;Sidamukti;Scoville;64
36-046;Zgłobień;Golf;62
7945;Bergvliet;Forest Run;106
null;Kihangara;Northport;144
87-207;Dębowa Łąka;Dapin;25
11400-000;Guarujá;Vernon;48
981-3521;Nakamura;Tennyson;160
95205;Stockton;Loftsgordon;2
null;Wanasari Baleran;Steensland;139
null;Rongwo;Myrtle;26
3354;Bergville;Moose;39
null;Longhua;Browning;7
44210;Sunja;Hollow Ridge;97
88900-000;Araranguá;Springview;89
null;Yambio;Coolidge;32
null;Gambang;Meadow Ridge;51
null;Jinshan;Oxford;50
28410;Wilmington;Golf;125
null;Karasgede;Holy Cross;101
null;Lukovë;Monument;107
G9X;La Tuque;Maywood;58
249903;Pyatovskiy;Barnett;35
null;Sanshan;Clemons;137
null;Nsukka;Kingsford;75
null;Gempolan Wetan;Hoard;65
95096;Las Flores;Arrowood;48
463 42;Hodkovice nad Mohelkou;Veith;77
null;Arīḩā;Ramsey;96
null;Shuangqiao;Waubesa;53
null;Lysychovo;Stuart;19
null;Lijie;Stone Corner;45
10125;New York City;Eagan;117
50802;Kuala Lumpur;Nevada;3
null;Pangu;Garrison;13
31000;Brijest;Dottie;79
null;Ganjaran;Ilene;55
7521;Kālia;Evergreen;18
null;Wangzuizi;Eliot;58
751 87;Uppsala;Eastwood;75
75205;Dallas;Buhler;10
34829;Merkezköy;Melby;14
20088;Washington;Nova;75
22501;Baddomalhi;Carioca;37
47139;Duisburg;Lillian;160
652649;Krasnogorskiy;Westport;129
null;Carodok;Vermont;59
85246;Chandler;Superior;25
null;Paucarbamba;Cascade;19
1228;Желино;Knutson;145
2710-145;Carrascal;Oneill;31
75737 CEDEX 15;Paris 15;Starling;119
null;Serikbuya;Sauthoff;65
null;Palu;Michigan;8
null;Daxing;Debs;109
null;Huangxi;Warbler;34
154848;Buenavista;Vermont;121
null;Banjar;Mayer;91
null;Kujang;Stoughton;37
null;Pinggan;Paget;17
null;Altamira;Mifflin;134
352812;Novyye Kuz’minki;Melby;71
null;Dashiqiao;Armistice;145
34-471;Lasek;Clove;38
78250-000;Pontes e Lacerda;Magdeline;28
null;Jargalant;Cordelia;44
null;Los Tangos;Amoth;80
null;San Juan de Limay;Kings;43
null;Loja;Harper;27
397743;Khrenovoye;Roxbury;93
null;Naranjal;Vermont;45
null;Omuo-Ekiti;Colorado;23
GU32;Weston;Graedel;90
null;Dahe;Westridge;81
1320;København;Toban;129
453703;Uchaly;Truax;91
null;Bantarpanjang;Scott;47
null;Senanga;Mifflin;25
null;Muang Long;Ilene;133
null;Hujirt;Melvin;87
null;Zhaojia;Ilene;36
10100;Samphanthawong;Monument;26
58110;Sop Moei;American Ash;111
6005-005;Alcains;Columbus;96
null;Kallíthiron;Gateway;62
330 21;Líně;Hoepker;3
null;At Tibnī;Twin Pines;48
45063 CEDEX 2;Orléans;Fuller;133
null;Priboj;Menomonie;32
null;Huangjiazhai;Comanche;103
11830;Hendala;Bayside;145
null;Shuikou;Rockefeller;103
341 70;Ljungby;Blackbird;52
null;Rimpakgede;Larry;147
2665-189;Malveira;Arrowood;127
null;Gengma;Hooker;141
6037;Dugcal;Magdeline;73
null;Santa María del Real;Golden Leaf;139
null;Shuikou;Debra;126
null;Šabac;Blaine;29
null;Benzilan;Alpine;33
19600-000;Rancharia;Sommers;149
84-130;Mrzezino;Loeprich;106
6834;Arnhem;Lakeland;124
37922 CEDEX 9;Tours;Judy;157
null;Huochezhan;Vahlen;60
null;Banjar;Oxford;40
null;Fengjiang;Dayton;120
925-0373;Komoro;Glendale;44
null;Yola;Harper;119
69670-000;Fonte Boa;Lien;128
null;Florencia;Packers;158
null;Xiangxiang;Carey;114
null;Thới Bình;Columbus;27
null;Fenoarivo Atsinanana;2nd;148
null;Kallíthiron;Namekagon;5
null;Majzar;Kipling;78
null;Thanh Khê;Warrior;98
null;Guanchao;Magdeline;75
N3;Church End;Dixon;123
09-412;Maszewo Duże;Bunker Hill;93
null;Ben Arous;Southridge;136
null;Mandalasari;Bellgrove;67
null;Chinhoyi;Summerview;104
null;Kuishan;John Wall;92
456209;Zlatoust;Dwight;71
47110;Sawang Daen Din;Chive;37
null;Shuanglong;Grim;160
null;Youzha;Darwin;107
4335;Angatel;Judy;129
44-120;Pyskowice;Briar Crest;46
356326;Kalinovskoye;Esch;85
null;Shadili;Carioca;24
95300-000;Lagoa Vermelha;Steensland;48
null;Dasuhe;Derek;75
null;Xindi;Straubel;124
7118;General Guido;Sheridan;121
736 25;Kungsör;Amoth;78
null;Al Quwaysimah;Glacier Hill;118
null;Tiarei;Northview;6
null;Baturaja;Blue Bill Park;126
null;Weifen;Miller;135
null;Yangzhuang;Fuller;35
4795-549;São Tomé;Reinke;157
353210;Novotitarovskaya;Meadow Valley;140
null;Ganquan;Surrey;15
33404;Aviles;Eastwood;83
904 22;Umeå;Hauk;40
null;Tonosí;Mcbride;30
10400;Moratuwa;Quincy;134
null;Pirapo;Eggendart;90
null;Huashan;Superior;55
48203;El Cerrito;Anthes;17
null;Saxin;Lillian;2
null;Dajin;Vernon;154
1489;Balatero;Namekagon;15
694062;Bykov;Lien;75
null;Madaoua;Dexter;10
null;Iquique;Debra;76
4408;Sipocot;Badeau;87
14201;Turenki;Crownhardt;119
6700;Takub;Southridge;66
3642;Waihi Beach;Hintze;134
null;Lilongwe;Stephen;78
null;Cần Giờ;Forest Run;49
null;Taoyuan;Maryland;151
34-472;Piekielnik;Maryland;5
null;Arkalyk;Dovetail;60
47-340;Twardawa;Butterfield;62
null;Aranos;Sachtjen;50
4750-417;Couto;Scofield;85
32123;Daytona Beach;Oxford;66
null;Novovorontsovka;Autumn Leaf;7
null;Huangshi;Canary;82
null;Kloulklubed;Hayes;95
null;Hongdun;Spohn;117
309666;Pyatnitskoye;Sutteridge;142
98-360;Lututów;Claremont;112
6550;San Carlos de Bolívar;Roth;41
756 11;Valašská Polanka;Truax;29
null;Gardēz;Sunfield;52
null;Kisanga;Express;109
null;Ḩajjah;Old Gate;99
13320-000;Salto;Utah;25
null;Ifakara;Parkside;41
null;Talalayivka;Pleasure;61
9850-068;Biscoitos;Drewry;50
95200-000;Vacaria;Mcguire;24
63000-000;Juazeiro do Norte;Arapahoe;91
null;Daojiang;Loftsgordon;144
null;Pingding;Karstens;96
null;Samur;Basil;74
null;Shuangmiao;Beilfuss;110
null;Ibrā’;Main;77
null;Kedawung;Judy;105
null;Ndélé;Michigan;130
87630-000;Atalaia;Roth;66
3814;Glad;Morning;93
null;Junín;Thompson;70
00171;Mouhijärvi;Norway Maple;110
null;Peseng;Karstens;108
1787;København;Gerald;20
null;Giado;Bashford;155
null;Agnibilékrou;Homewood;32
null;Jidong;Schmedeman;128
889-1404;Takanabe;Killdeer;123
null;Longkou;Cordelia;149
null;Pangrumasan;Fallview;108
null;Tamra;Waywood;55
26600-000;Paracambi;Dakota;44
4313;Beddeng;Prairie Rose;51
370-0418;Fukayachō;High Crossing;11
null;Kidal;Sommers;17
null;Xinkaikou;North;140
612040;Svecha;Harbort;138
null;Oroqen Zizhiqi;Golf View;61
10030;San Antonio Suchitepéquez;Cardinal;110
05-540;Kabaty;Bluestem;13
null;Engure;Bluestem;12
62764;Springfield;Transport;59
null;Twante;Heath;110
null;Deqing;Barnett;5
null;Beidao;Cordelia;107
32-861;Iwkowa;Monument;90
null;Pop Shahri;Shoshone;119
6407;San Antonio;Heath;108
10150;Bang Bon;Donald;52
120 38;Årsta;Merchant;23
null;Patitírion;Comanche;73
null;Ḩurayḑah;Logan;78
11210;Brooklyn;7th;145
null;Mejdan - Obilićevo;Buhler;19
null;Stamáta;Katie;101
null;Mendi;American Ash;116
null;Gengma;Browning;106
null;Mancogeh;Caliangt;85
null;Xiaoying;Maple;2
413824;Vol’sk;Esker;101
null;Danchang;Chive;152
null;Kapuan;Birchwood;9
364 71;Bochov;Graedel;89
77305;Conroe;Declaration;111
5039;San Rafael;Blaine;81
null;Shkodër;Lake View;56
J5X;L''Épiphanie;Westridge;139
624013;Dvurechensk;Loftsgordon;61
null;Padangan;Fordem;151
null;Chengnan;Sugar;62
null;Gaozhou;Rockefeller;58
null;Boroko;Fulton;141
2860-278;Rego de Água;Clove;78
665220;Perfilovo;Jana;72
null;Rontu;Browning;14
null;Zaliztsi;Mesta;51
null;Maralal;Lukken;119
417 04;Hrob;High Crossing;109
77193 CEDEX;Dammarie-les-Lys;Bayside;43
939-0751;Nyūzen;Colorado;11
674170;Kuanda;Northland;61
26-631;Jastrzębia;Ridgeway;14
null;Zhaojia;Monica;88
2420-173;Agodim;La Follette;20
null;Beraim;Pepper Wood;136
157305;Manturovo;Washington;102
null;Bahía Honda;Merry;118
null;Markog;Golf;104
2316;Basa;Oxford;115
601293;Suzdal’;Arrowood;51
10257;Zadvorsko;Parkside;116
null;Rifeng;Granby;151
4276;Hrušica;Grim;118
null;Furongqiao;Kenwood;129
null;Geneng Tengah;Talmadge;68
null;Boshkengash;Sage;21
null;Dayr as Sūdān;Aberg;56
null;Lamalewar;Sugar;51
4795-446;São Martinho do Campo;Kim;49
null;Miribanteng;Evergreen;20
22301;Alexandria;Springs;134
null;West Island;Dayton;4
2436;Gueset;Anhalt;74
null;Thị Trấn Mù Cang Chải;Kensington;144
null;Mbuji-Mayi;2nd;89
2011;Jamālpur;Harper;118
null;Bakıxanov;Moulton;49
null;Xincheng;Moland;93
null;Honglong;Green;78
12205;Albany;Brentwood;120
null;Guzhu;Village;8
41640;San Rafael;Oak Valley;68
null;Kumane;Merchant;86
2442;Tangub;Center;63
78897 CEDEX;Saint-Quentin-en-Yvelines;David;131
null;Puyang;Springview;32
null;Chantal;Milwaukee;49
null;Huozhuangzi;Thackeray;54
5705;Guisijan;Graedel;19
8006;Digos;Grayhawk;149
94537 CEDEX;Orly;Bowman;7
null;Lazarat;Sunfield;11
null;Ratenggoji;Lillian;38
null;Idanre;Morrow;155
14840-000;Guariba;Acker;6
null;Bétérou;Randy;18
null;Kopral;South;153
8006;Guihing Proper;Canary;150
143422;Petrovo-Dal’neye;Dorton;152
null;Maglaj;Donald;84
null;Ḩadīdah;Dahle;157
null;Maumere;Elgar;96
85009 CEDEX;La Roche-sur-Yon;Carey;153
null;Bangkle;Colorado;91
null;Ţāmiyah;Service;87
70572;Seremban;Oneill;17
null;Zghartā;Mitchell;12
null;Xiayang;Anzinger;35
null;Huatanshan;Banding;115
606570;Kovernino;Lake View;137
12160;Sam Khok;1st;86
null;Qandala;Morning;132
MD-2081;Chişinău;Logan;34
920-2327;Ichihara;Red Cloud;118
34-442;Łapsze Niżne;Vidon;103
94242;Nueva Esperanza;Leroy;30
null;Wushi;Kedzie;40
H3R;Jasper Park Lodge;Moulton;107
23501;Uusikaupunki;Esch;35
null;Dacun;Emmet;60
8468;Makapanstad;Kropf;133
2435-553;Fontainhas;Loeprich;20
null;Huping;Packers;33
4622;Yerba Buena;Helena;9
67214 CEDEX;Obernai;Lakewood Gardens;3
729-0141;Onomichi;Dawn;64
null;Gunungsari;Goodland;108
503 51;Chlumec nad Cidlinou;Longview;45
null;Zhugang;Buell;138
null;Salor;Green Ridge;129
28-136;Nowy Korczyn;Mcguire;114
null;Tangxi;Independence;98
null;Thị Trấn Mường Lát;Bellgrove;106
null;Peicheng;Packers;76
null;Tokār;Pierstorff;101
null;Nyanga;Moose;14
141146;Fryanovo;Hagan;10
null;Betioky;Dahle;85
96799;Mapusagafou;Mayer;66
null;Chelu;Redwing;26
null;Buenos Aires;Carpenter;9
null;Shiquan;Express;65
99101;Kittilä;Judy;9
null;Uyuni;Lindbergh;78
null;Bieqiao;Corben;82
162002;Gryazovets;Menomonie;9
null;Viimsi;Algoma;66
null;Shuanglu;Mcbride;8
null;Shimen;Lawn;108
2050-065;Aveiras de Cima;Emmet;23
05-280;Jadów;Ilene;100
526529;Los Andes;Village;24
null;Orikhiv;Shasta;127
null;Kadubadak;Mccormick;122
303842;Uvarovka;Dayton;38
null;Holoriang;Pepper Wood;104
184389;Kola;Acker;91
934 91;Kåge;Talmadge;131
null;Lyubotyn;Fulton;42
13-230;Lidzbark;Bartillon;64
75498;La Soledad;Scoville;140
63-308;Gizałki;Muir;32
9319;Libato;Northwestern;54
null;Douba;Buena Vista;44
null;Kamina;Petterle;36
null;Anliang;Magdeline;40
null;Miaoshou;Northland;27
346763;Severnyy;Old Shore;87
15990-000;Matão;Golden Leaf;12
null;Madīnat Sittah Uktūbar;Rutledge;156
4635-005;Banho e Carvalhosa;Dunning;142
null;Tit Mellil;Kipling;133
null;Jishan;Memorial;89
null;Sumberngerjat;Toban;62
null;Heishan;Esch;153
null;Nanjie;Sherman;124
null;Atambua;Arrowood;97
null;Baitang;Summit;27
931 57;Skellefteå;Shasta;125
76240-000;Aragarças;Corben;46
null;Dobrljin;Sachtjen;72
2635-034;Rio de Mouro;Milwaukee;28
41-608;Świętochłowice;Dovetail;140
65685-000;Buriti Bravo;Pearson;154
6230-060;Alpedrinha;Summit;37
13382 CEDEX 13;Marseille;Mayfield;109
39680-000;Capelinha;Longview;50
null;Banjar Baleagung;Novick;140
null;Jiujie;Gerald;151
663-8247;Amagasaki;Kinsman;29
176008;Villamaría;Chinook;124
682038;Molagavita;Lighthouse Bay;88
58095;Buenos Aires;Briar Crest;126
null;Makīnsk;Bay;37
null;Ikar;Hovde;160
null;Tiexi;Cardinal;24
95-036;Ozorków;Helena;70
null;Yuanyang;Grover;89
null;Yangjiao;Merry;71
null;Rubizhne;Amoth;116
70630;Independencia;Milwaukee;107
null;Sembung;Messerschmidt;14
67270;Khao Kho;Eastlawn;126
null;Sulengwaseng;Mariners Cove;14
19200-000;Pirapozinho;Washington;155
6330;Catriló;Maryland;62
null;Siding;Anthes;92
null;Likwatang Timur;8th;81
null;Zaki Biam;Charing Cross;147
null;Aragua de Barcelona;Dennis;38
null;Yên Lập;Springview;75
32885;Orlando;Miller;120
null;Arasji;International;76
54140;Den Chai;Ridgeway;36
null;Jianshe;Gerald;138
null;Dayr Dibwān;Acker;9
null;Caramuca;Butternut;86
null;Kabukarudi;Cottonwood;58
null;Bissau;Buell;136
null;Kharkhorin;Mandrake;90
5613;Deán Funes;Pawling;133
null;Boromlya;Arapahoe;31
null;Nīca;Pearson;87
42-660;Kalety;Rieder;51
4940-352;Porta;Kennedy;46
7750-321;Mértola;Oak Valley;104
7505;Simunul;Kipling;55
366913;Yalkhoy-Mokhk;Miller;3
null;Meizhou;Moose;92
null;Babakan;Mendota;30
085068;Luruaco;Kensington;123
null;Labuhansumbawa;Lotheville;123
12027;Esquipulas Palo Gordo;Old Gate;145
null;Panjerrejo;Golf Course;44
null;Laborie;Grover;71
null;Tanout;Katie;14
2712;Santa Lucia;Sherman;133
null;Kiruru;Acker;117
13347;Berlin;Eagle Crest;159
4820-009;Fafe;Hoepker;52
44795;Bochum;Westport;127
OX12;Charlton;Eastlawn;106
28-160;Wiślica;Dixon;104
646880;Azovo;Sommers;136
null;Daping;Veith;7
null;Tekeli;Forest Run;136
null;Jiukeng;Fordem;64
164646;Porkhov;American;32
null;Hongtian;Saint Paul;91
97-225;Ujazd;Oak Valley;144
763518;Ginebra;Cascade;32
null;Jandir;American Ash;34
null;Tarikolot;Carioca;120
66-130;Bojadła;Cardinal;81
22301;Alexandria;Butternut;23
66-008;Świdnica;Oxford;86
null;Beixin;Tennyson;91
null;Watulimo;Larry;10
null;Neyrīz;Farmco;107
4508;Santo Domingo;Logan;101
null;Xinji;Scoville;10
null;Xindong;Lien;29
5155-505;Murça;Fairview;121
null;Cisarap;Kipling;144
null;Xitou;Fisk;12
73190;Oklahoma City;American;73
386340;Sagopshi;Di Loreto;27
84000-000;Ponta Grossa;Leroy;154
null;Daya;Waxwing;40
38840-000;Carmo do Paranaíba;Lillian;113
null;Jambeyan;Grayhawk;25
22096;Reston;Stuart;63
null;Longxing;Sullivan;16
12700;Butterworth;Oriole;14
null;Fushë-Bulqizë;Forest;90
36670;Mobile;Erie;47
null;Xinzheng;Johnson;76
null;Néa Karyá;Fremont;22
null;P’asanauri;Little Fleur;73
null;Qiling;Bowman;160
null;Tetandara;Scofield;58
75200;Melaka;Duke;63
null;Changyi;Merchant;148
06750-000;Taboão da Serra;Sycamore;129
null;Tigaherang;Straubel;65
06010;Santa María Ixhuatán;Superior;37
999-4221;Obanazawa;Sachtjen;91
91104 CEDEX;Corbeil-Essonnes;Birchwood;14
null;Tríkala;Ludington;86
null;Fengping;Harper;48
null;Palaiomonástiron;Vera;29
2070-615;Vila Chã de Ourique;Jenifer;79
null;Banjarmasin;Sunfield;36
null;Xiniu;Lawn;98
null;Rora Timur;Fairview;110
null;Yangtan;2nd;128
null;Legok;Westridge;34
8314;Lanuza;Kingsford;82
null;Los Boquerones;Mendota;149
null;Boca de Parita;Fair Oaks;42
4610-475;Ponte;Sage;34
null;Kikinda;Debra;64
0550;Rimpeso;Almo;134
85101;Kalajoki;Mockingbird;103
null;Sanchahe;Leroy;17
567 24;Vaggeryd;Spohn;13
5131;Esperanza;Fremont;55
6025;Oslob;Hermina;10
null;Makuyuni;Gina;11
null;Villarrica;Oriole;129
59444 CEDEX;Wasquehal;Vernon;10
677904;Magan;6th;119
null;Kyzyldzhar;Mayfield;83
6120-705;Castelo;Schiller;97
null;Korçë;Holmberg;109
null;Mekarjaya Satu;Manley;105
null;Parakou;Fairview;60
3800-525;Cabeço;Center;61
null;Fuzhiping;Springview;35
27717;Durham;Raven;130
null;Singida;Milwaukee;155
66140;Sam Ngam;Bonner;51
null;Zouiat ech Cheïkh;Morningstar;115
null;Xumai;Parkside;22
null;Afántou;Steensland;38
null;Mahébourg;Shelley;93
76-002;Łazy;Di Loreto;136
3250;Muldersdriseloop;Dottie;66
55620-000;Glória do Goitá;Twin Pines;35
77075;Houston;Bay;158
null;Bouaké;Becker;119
null;Mojo;Declaration;114
null;Sebedo;Schmedeman;49
3094;Rotterdam;Hallows;70
899-2433;Kushikino;Eggendart;77
71730;Buenavista;Anthes;31
97019 CEDEX;Pointe-à-Pitre;Westport;108
null;Lorengau;Knutson;102
null;Lhasa;Pearson;66
5032;Igang;Northwestern;114
null;Nao;Algoma;3
null;Chadi;Killdeer;88
null;Suugaant;Sherman;132
null;Ekibastuz;Dakota;5
2785-220;Mato Cheirinhos;Heath;127
33130;Nam Kliang;Sommers;6
null;Bayangol;Hoffman;51
null;Liuxia;Fieldstone;42
null;Huayllati;Cardinal;71
null;Sandy Bay;Lake View;89
44324 CEDEX 3;Nantes;Sloan;32
384 22;Vlachovo Březí;Buena Vista;140
null;Guayaquil;Manufacturers;70
3961;Uummannaq;Miller;135
null;Parlilitan;Village Green;32
null;Hanchang;Nelson;82
null;Wushan;New Castle;99
5710;Kishorganj;Lighthouse Bay;42
3014;Niugan;East;64
null;Sindong;Transport;158
4224;Banaba;Mariners Cove;6
756 05;Karolinka;Corscot;157
678149;Lensk;Cherokee;82
null;Longsheng;Nancy;39
350 02;Jesenice;Beilfuss;152
null;Winong;Ramsey;68
55340-000;Águas Belas;Kinsman;128
null;Guantouzui;Butterfield;99
null;Baimaqiao;Butternut;17
4012;Calauan;Atwood;94
null;Huangcun;Mccormick;117
null;Jiangpan;Fulton;104
54000-000;Jaboatão dos Guararapes;Merry;146
null;Quito;Pond;89
763528;El Cerrito;Sachtjen;36
721 00;Västerås;Mitchell;3
null;Duut;Weeping Birch;13
null;Checca;Cordelia;150
null;Thị Trấn Hùng Quốc;Utah;68
88130-000;Palhoça;Ludington;47
null;Xiayang;Green;118
null;Nanggewer;Dayton;82
null;Meliau;3rd;90
7043;Tigbao;Loftsgordon;117
8326;Mainque;Anzinger;141
null;Huancapallac;Spaight;90
9021;Libertad;Cardinal;151
null;Dongxiao;Linden;10
4560-750;Além;Pepper Wood;16
50205;Sámara;Merchant;46
null;Menggala;Sutteridge;67
44000-000;Feira de Santana;Morningstar;56
252 68;Helsingborg;Arkansas;14
353721;Staroderevyankovskaya;Hanover;142
null;Lizhuangzi;South;149
7160-208;Vila Viçosa;Annamark;100
null;Yishui;Shoshone;89
null;Dayan;Swallow;139
5500;Romblon;Mcguire;4
5870;Villa Dolores;Steensland;36
80100;Dera Bugti;Lien;9
null;Illéla;Grover;100
14-520;Pieniężno;Loftsgordon;125
null;Fuxing;Holy Cross;11
4022;Langtad;Lerdahl;4
null;Angelochóri;Caliangt;117
678580;Batagay-Alyta;Graedel;132
62-720;Brudzew;Nancy;66
250618;Guachetá;New Castle;90
null;Jianggu;Golden Leaf;157
17209 CEDEX;Royan;1st;63
24-220;Niedrzwica Duża;Mcguire;28
null;Dzhalilabad;Springview;93
null;Panamá;Longview;18
31110;Kanchanaburi;1st;87
null;Cibuah;Texas;93
null;Sujitan;La Follette;116
null;Ouahigouya;Maple Wood;8
96910-000;Embu Guaçu;Susan;17
null;Marale;Heffernan;36
80501;Sohbatpur;Claremont;109
879-2681;Himi;Center;157
null;Ettal;Marquette;100
45980-000;Prado;Kenwood;106
null;Banjar Dauhpura;Cardinal;43
37072 CEDEX 2;Tours;Waubesa;141
B4V;Bridgewater;Hanson;12
252827;Guataquí;Oak Valley;2
null;Suqu;John Wall;4
91029 CEDEX;Évry;Esker;98
32-060;Rączna;Calypso;20
1682;Lumbangan;Mifflin;132
6821;General Luna;Forest Run;29
null;Ugbokpo;Mifflin;78
null;Changle;Monica;114
9011;Caleta Olivia;Logan;150
172;Seltjarnarnes;Northridge;137
9135-054;Camacha;Ronald Regan;111
null;Ágios Týchon;Iowa;135
null;Vishow;Corry;35
null;Petiga;Hollow Ridge;39
78-450;Grzmiąca;Pepper Wood;14
null;Qingduizi;Fairfield;93
6004;Kecskemét;Nelson;120
2956;Satovcha;Hollow Ridge;105
null;Gunungmanik;Sherman;110
G6R;Warwick;Macpherson;154
45545-000;Ubaitaba;Bay;91
null;Fazhan;Lien;132
182647;Tver;Mosinee;148
null;Tây Ninh;Autumn Leaf;150
null;Pueblo Nuevo;Stone Corner;146
null;Xiangtan;Fisk;56
59570-000;Ceará Mirim;Bellgrove;44
3309;Ramos West;Toban;103
null;Hegarmulya;Mcguire;135
null;Shuangxi;Northwestern;36
44966 CEDEX 9;Nantes;Glacier Hill;79
056457;Hispania;Towne;35
501007;Barranca de Upía;Lakewood Gardens;82
8604;Magallanes;Kipling;40
53405;Racine;Continental;72
null;Yun’an;Washington;21
null;Ágio Pnévma;Prairieview;34
941 65;Piteå;Hoard;11
14201;Turenki;Sycamore;65
null;Netanya;Cottonwood;136
null;Kute;Oak Valley;59
06905 CEDEX;Sophia Antipolis;Muir;9
9100-153;Santa Cruz;Brentwood;100
987-0058;Shiogama;Kings;81
42897;Remscheid;Park Meadow;124
T4X;Beaumont;Cascade;74
null;Jiangpan;Harper;84
186 31;Vallentuna;Donald;105
null;Al Tuḩaytā’;Veith;135
null;Banjar Anyar;Shasta;87
14260;Miguel Hidalgo;Russell;34
09430;Saukkola;Pepper Wood;15
null;Fílla;Claremont;15
303759;Kolpny;Northfield;103
null;Jianyangping;Calypso;6
null;Paseh;Weeping Birch;90
141901;Taldom;Vahlen;104
22501;Haveliān;Graceland;133
null;Xindong;Sunnyside;160
null;Zhangfeng;Prairie Rose;9
null;Shuangjie;Melvin;5
2310;Culubasa;Ilene;100
null;Glondong;Talmadge;45
10130;Phra Pradaeng;Myrtle;47
null;Qingshui;Longview;131
null;Balakasap;Toban;114
null;Liberta;Leroy;121
null;Sukamenak;Vermont;68
null;Ngondokandawu;Alpine;59
null;Lenger;Village Green;76
null;Ḩabābah;Northridge;47
649154;Artybash;Sundown;89
86110;Lang Suan;Hollow Ridge;92
null;Potoni;Mcbride;30
null;Chuantang;Cardinal;17
26120;Nakhon Nayok;Lakewood;7
null;Kolsh;Oriole;79
null;Yamethin;Anderson;14
null;Sancang;Lyons;84
658972;Bastan;American Ash;64
null;Gunungkoneng;Elmside;119
null;Dongming Chengguanzhen;Moose;78
43-503;Goczałkowice Zdrój;Fisk;62
7504;Gradec;Oriole;94
30453;Hannover;Petterle;122
null;Maikawada;Jackson;21
41015 CEDEX;Blois;Bayside;75
431373;Novyy;Monica;24
null;Katima Mulilo;Londonderry;57
69750-000;São Gabriel da Cachoeira;Gale;110
F31;Swinford;East;130
58701;Sulkava;Colorado;119
null;Santa Elena;Kipling;104
null;Ebene;4th;74
17-210;Narew;Grasskamp;100
null;Sanshilipu;Crownhardt;1
142143;Il’inskiy;Hermina;33
368758;Usukhchay;Crowley;38
38300-000;Ituiutaba;Loeprich;56
5309;Damawato;Luster;6
29390-000;Iúna;Surrey;143
31998;Columbus;Doe Crossing;74
null;Soroti;Fuller;12
6012;Nailong;Sycamore;75
null;Pucheng;Stephen;143
null;Bác Ái;Wayridge;55
null;Shishang;Anderson;14
null;Beroroha;Melvin;11
null;Shuikou;Karstens;119
null;Shicha;Hallows;121
6330;New Agutaya;Main;134
null;Masallātah;Glendale;16
null;Markópoulo;Sundown;15
13-230;Lidzbark;Express;68
null;Jajarkrajan;Scoville;79
30302;San Diego;Bobwhite;156
null;Gonghe;Bunting;113
null;Shādegān;Amoth;21