vezeteknev;keresztnev;email;nem;szuletesi_datum;felhasznalonev;jelszo;profilkep_eleres
Cruddace;Avivah;acruddace0@uol.com.br;n;1991-06-09;acruddace0;"lN9`<""4.41Iv?";null
Oran;Andre;aoran1@ameblo.jp;f;1996-07-03;aoran1;"gD8>""ZodT6";null
Dickinson;Emmeline;edickinson2@ask.com;n;2004-09-01;edickinson2;vO2)!kFrD=ocr=X;null
Cossentine;Clemence;ccossentine3@smugmug.com;n;1983-01-16;ccossentine3;aQ6+1.tNK27?;null
Felmingham;Gerhardt;gfelmingham4@cafepress.com;f;1963-05-14;gfelmingham4;iW6\o+QA;null
Brigg;Dolli;dbrigg5@mlb.com;n;1998-07-04;dbrigg5;nI5?rA%=gYeI;null
Caddens;Melanie;mcaddens6@angelfire.com;n;1999-04-04;mcaddens6;aI6?$|I~#cY;null
LeGrand;Cathee;clegrand7@nsw.gov.au;n;1975-02-22;clegrand7;"sX7""""bavsv|";null
Cutchie;Yard;ycutchie8@va.gov;f;1979-11-16;ycutchie8;lU3`8Q\NU)O&ji;null
Glyn;Beckie;bglyn9@nydailynews.com;n;1984-03-05;bglyn9;rQ2_Hc0MiOq;null
Learoyde;Horten;hlearoydea@github.com;f;1972-03-09;hlearoydea;qG6?YYwk;null
Anfosso;Briant;banfossob@state.tx.us;f;1972-09-27;banfossob;mD3}qje<n;null
McKirton;Lory;lmckirtonc@wikispaces.com;n;1974-11-15;lmckirtonc;kH3+EV9Q}m$($;null
Ansteys;Angeline;aansteysd@vinaora.com;n;1970-05-17;aansteysd;xA4)ij7}UPde2;null
Bisp;Alexis;abispe@phpbb.com;f;1984-12-05;abispe;lJ3(J/.9$ofp11A;null
Vaugham;Dominica;dvaughamf@cmu.edu;n;2002-11-16;dvaughamf;dM8|3Cr{;null
Cranfield;Giles;gcranfieldg@fema.gov;f;1991-01-21;gcranfieldg;cP8.1Su_#5;null
Whittall;Lazaro;lwhittallh@cam.ac.uk;f;1989-05-11;lwhittallh;yI1{CC61(vO;null
MacDonogh;Syman;smacdonoghi@auda.org.au;f;1958-11-28;smacdonoghi;"eK5$d""~YF~&*";null
Barnwille;Tommie;tbarnwillej@scientificamerican.com;n;1958-09-01;tbarnwillej;kF4@D6Yo;null
Scothern;Tatiana;tscothernk@mozilla.com;n;1968-05-02;tscothernk;tB0%RD6?m;null
Divell;Halie;hdivelll@hao123.com;n;1970-10-30;hdivelll;"hB8/j""(>I""D|J0";null
Goodspeed;Leontine;lgoodspeedm@google.it;n;1969-10-05;lgoodspeedm;gO8(hx#}L?;null
Goodyer;Ty;tgoodyern@hhs.gov;f;1974-01-21;tgoodyern;"bX3/6""55qq08!";null
Ring;Maximilien;mringo@tumblr.com;f;1975-01-31;mringo;zL3{*Pz<u{;null
Janning;David;djanningp@sfgate.com;f;1968-04-13;djanningp;eY3&uXbcG!Q6jI&;null
VanBruggen;Jerrold;jvanbruggenq@wired.com;f;1997-04-02;jvanbruggenq;nH8/5|+Zd6uAk;null
Foffano;Andris;afoffanor@xing.com;f;1992-04-23;afoffanor;hO6|Zk$u4BD.`;null
Andreia;Rob;randreias@ehow.com;f;2004-02-14;randreias;eS3*~kcrPSyCg;null
Elsmore;Zia;zelsmoret@sakura.ne.jp;n;1971-06-04;zelsmoret;tV6&%<YpXN_fK1qy;null
Chastney;Phaidra;pchastneyu@examiner.com;n;1990-04-08;pchastneyu;dT5wS3V;null
Bagnall;Homer;hbagnallv@51.la;f;1998-01-05;hbagnallv;tP8=dqhF83x4|`Iw;null
Teare;Cleavland;ctearew@businessinsider.com;f;1990-01-23;ctearew;kU6}v.nI@8hFtX;null
Faltin;Essa;efaltinx@nature.com;n;1967-01-26;efaltinx;eO1@Y(w;null
Pulham;Tracie;tpulhamy@cisco.com;n;1978-04-30;tpulhamy;bT2>E&NZg97;null
Dabes;Nicolai;ndabesz@artisteer.com;f;1966-09-08;ndabesz;bA0*au2;null
Birney;Adolph;abirney10@wired.com;f;1999-04-01;abirney10;eY5}S9E)Vrd;null
Tookill;Robers;rtookill11@people.com.cn;f;2005-03-07;rtookill11;hJ2/HBk63tx;null
Franceschi;Davita;dfranceschi12@wsj.com;n;1991-11-27;dfranceschi12;pW0<E|QImegBNnaz;null
Creech;Vito;vcreech13@multiply.com;f;1998-03-19;vcreech13;lX8>5/<7$*>!bY~;null
Aulds;Fifine;faulds14@google.com.au;n;1968-07-21;faulds14;wV7)%ZqhljI;null
Desesquelle;Art;adesesquelle15@odnoklassniki.ru;f;1999-08-21;adesesquelle15;kE9>>3X0sA6;null
Lyddyard;Sue;slyddyard16@economist.com;n;1975-03-22;slyddyard16;vG7}0cULToLX;null
McGarrity;Gratiana;gmcgarrity17@cargocollective.com;n;1989-11-26;gmcgarrity17;oU2$B4)G~_x9A;null
Thowes;Quintana;qthowes18@unc.edu;n;1994-08-31;qthowes18;eX2#=w#b%#;null
Guilloton;Shelby;sguilloton19@ebay.com;n;1984-05-09;sguilloton19;"fS4w!lM""R8S3||";null
Brigginshaw;Trix;tbrigginshaw1a@cocolog-nifty.com;n;1976-03-24;tbrigginshaw1a;xX5%gvqh)PY};null
Tatton;Minta;mtatton1b@squidoo.com;n;1958-03-28;mtatton1b;vZ4@fMiK4Dc(I4x;null
Arangy;Nestor;narangy1c@canalblog.com;f;2003-06-23;narangy1c;rP4|XVVp!2FayV5(;null
Elsop;Jude;jelsop1d@amazon.co.jp;f;1963-10-19;jelsop1d;hY2>Bi~$Cp3#An;null
Stammler;Pat;pstammler1e@pbs.org;n;1961-09-14;pstammler1e;kI7%d#RzFDsM03;null
Ewington;Bear;bewington1f@umn.edu;f;1966-01-29;bewington1f;"jF5)@r_#$(d<""";null
Roddie;Evie;eroddie1g@house.gov;n;1990-07-10;eroddie1g;pD0!JmgJV;null
Klassman;Tabina;tklassman1h@cornell.edu;n;1971-09-02;tklassman1h;vI9.gqTI()i;null
MacRory;Sebastian;smacrory1i@pbs.org;f;1975-03-21;smacrory1i;rX5/C.fF1#=FJ;null
Leipnik;Sarena;sleipnik1j@vkontakte.ru;n;1961-02-17;sleipnik1j;dZ0/TKjU;null
Cromley;Ivonne;icromley1k@e-recht24.de;n;1981-04-21;icromley1k;tM1(PlwtX+9?V;null
MacInherney;Frederigo;fmacinherney1l@paginegialle.it;f;2001-05-13;fmacinherney1l;sF4+~tf5Rd=;null
Weldrick;Blanch;bweldrick1m@github.com;n;1992-12-05;bweldrick1m;"jK2}Pa))5""p~&Lh";null
Pester;Janela;jpester1n@exblog.jp;n;1970-01-25;jpester1n;aC0>\)IBxt;null
Costin;Brinna;bcostin1o@ameblo.jp;n;1966-09-26;bcostin1o;sN8%#4e}!LMy>v7M;null
Staddart;Raymund;rstaddart1p@yolasite.com;f;1964-06-12;rstaddart1p;gV1+NGQW;null
Pitrollo;Andrea;apitrollo1q@homestead.com;f;1989-10-05;apitrollo1q;dF3)Na*vsL}s\u5Y;null
Burgum;Sherwynd;sburgum1r@last.fm;f;1996-05-27;sburgum1r;sX1%SOUn`}1$b;null
Sherrington;Abelard;asherrington1s@cdbaby.com;f;1965-08-22;asherrington1s;dX2)NmqbCsF)g;null
Frick;Gaylor;gfrick1t@theatlantic.com;f;1979-07-20;gfrick1t;uS1+ua?>+o!4;null
Camelin;Feliza;fcamelin1u@zdnet.com;n;1969-01-09;fcamelin1u;mG0@}o)2?G;null
McClinton;Baird;bmcclinton1v@google.de;f;1986-03-07;bmcclinton1v;jY6@ynclX_;null
Fassman;Bevon;bfassman1w@mysql.com;f;1991-07-21;bfassman1w;kS4)&0(7z;null
Dutnell;Shayne;sdutnell1x@zimbio.com;n;1956-07-20;sdutnell1x;uR7+gOtas<Ex;null
Langwade;Zebulon;zlangwade1y@abc.net.au;f;1998-12-24;zlangwade1y;iC9{C$?G;null
Sharland;Bertram;bsharland1z@pbs.org;f;1973-07-26;bsharland1z;hP0~oih7>;null
Andreuzzi;Ginelle;gandreuzzi20@princeton.edu;n;2003-01-20;gandreuzzi20;wZ8.Wqcr_&;null
Thursfield;Gabriella;gthursfield21@ed.gov;n;2004-01-04;gthursfield21;sO0(N?vd\O;null
Tewes;Gill;gtewes22@cloudflare.com;n;1980-04-09;gtewes22;"uH1/b"").(";null
Henbury;Selia;shenbury23@imdb.com;n;1955-06-27;shenbury23;lP8*S>ei9m;null
Basilone;Agosto;abasilone24@prweb.com;f;1979-02-26;abasilone24;wB7|4H8$LC`u;null
Keaves;Stanton;skeaves25@npr.org;f;1974-04-16;skeaves25;tD7>PWM9Hq8R%X;null
Gennerich;Wandis;wgennerich26@goodreads.com;n;1978-03-21;wgennerich26;oO9#aJ3&Nylp04(;null
Dover;Jeannie;jdover27@chicagotribune.com;n;1978-11-05;jdover27;eH8%?Y5$Jn;null
Strognell;Robbin;rstrognell28@sohu.com;n;1959-06-03;rstrognell28;tR99LO5*%<(`a;null
Sommerlin;Alie;asommerlin29@japanpost.jp;n;1994-09-02;asommerlin29;gB4_0Te|a$CDU;null
Willoughley;Evelin;ewilloughley2a@cam.ac.uk;n;1989-04-17;ewilloughley2a;kS7+u}M+hSJ;null
Kille;Rodie;rkille2b@va.gov;f;1969-05-01;rkille2b;jP4!yUSpO+#M0;null
Laverenz;Levey;llaverenz2c@wiley.com;f;1987-12-31;llaverenz2c;wI7<ju5/gkZ6|&z;null
Hearons;Bone;bhearons2d@blog.com;f;1999-02-27;bhearons2d;vW3=U{Qw8;null
Farnaby;Agathe;afarnaby2e@elegantthemes.com;n;1996-06-05;afarnaby2e;sX4+5`Ux*;null
Cramphorn;Dani;dcramphorn2f@csmonitor.com;n;1955-07-19;dcramphorn2f;lY0#uQMU0X2o;null
Hurrion;Haven;hhurrion2g@google.com.br;f;1973-10-29;hhurrion2g;aJ9%NIPPr~;null
Meates;Ursala;umeates2h@ucla.edu;n;1984-07-17;umeates2h;kP7|f@qsq;null
Norwich;Letta;lnorwich2i@ask.com;n;1959-02-20;lnorwich2i;uZ6>M5pM~`{EP|&;null
Pinder;Myer;mpinder2j@furl.net;f;1985-11-25;mpinder2j;wI7$\~@(;null
Skocroft;Willetta;wskocroft2k@princeton.edu;n;1989-06-20;wskocroft2k;tJ9$@uhPePwR;null
Ladley;Tobie;tladley2l@amazon.com;f;2004-02-18;tladley2l;"uU7%NV8ZIf""O1D";null
Fritschmann;Kriste;kfritschmann2m@stumbleupon.com;n;1983-10-08;kfritschmann2m;dD4O7f/d;null
Prichet;Missy;mprichet2n@businesswire.com;n;1996-08-24;mprichet2n;iI1\*7CWK+sIUCvN;null
Ternouth;Hoebart;hternouth2o@goodreads.com;f;1961-12-22;hternouth2o;oN5}O1(gU<V@;null
Braghini;Steffie;sbraghini2p@people.com.cn;n;1971-03-28;sbraghini2p;"jR2$EDZ""~qu4DEyg";null
Soulsby;Billi;bsoulsby2q@pcworld.com;n;1954-11-14;bsoulsby2q;rW2}uH6LCBu;null
Nunan;Berkley;bnunan2r@soup.io;f;1981-12-23;bnunan2r;"fR2#_{W~""";null
Plum;Ari;aplum2s@cyberchimps.com;n;2005-07-07;aplum2s;sP7%Cd\+);null
Pattlel;Joycelin;jpattlel2t@cbc.ca;n;1959-02-24;jpattlel2t;bW9?(XDu331_fq);null
Goering;Kare;kgoering2u@blogs.com;n;1989-12-31;kgoering2u;aK2.Edq9v;null
Clamp;Adan;aclamp2v@youtube.com;f;1993-05-23;aclamp2v;oR2@4a>P@WH#!rJ;null
Groocock;Brigg;bgroocock2w@4shared.com;f;2002-04-18;bgroocock2w;hP6{W5lGNd;null
Faley;Aleen;afaley2x@webeden.co.uk;f;1991-04-22;afaley2x;"xR7""5C%P";null
Roycroft;Cristobal;croycroft2y@abc.net.au;f;1966-09-30;croycroft2y;aI9/V7V!RfN&Zu;null
Abrahami;Ethelyn;eabrahami2z@spiegel.de;n;1968-06-29;eabrahami2z;wI1.ui|5%|Neu>Z;null
Maffeo;Bettye;bmaffeo30@newsvine.com;n;1999-04-04;bmaffeo30;"eE5""k|JFz>t+";null
Clamp;Way;wclamp31@google.com.hk;f;1977-10-24;wclamp31;iI1=$0W?WX*;null
Rackam;Venus;vrackam32@biglobe.ne.jp;n;1979-11-03;vrackam32;kS0~$bA.;null
Bischof;Trumann;tbischof33@marketwatch.com;f;2002-03-20;tbischof33;mN2&v=9y5N*Z8L+;null
Brotherhead;Ruthi;rbrotherhead34@bloglines.com;f;1959-08-24;rbrotherhead34;kU3>u7G;null
Danniel;Prentiss;pdanniel35@comsenz.com;f;1981-09-30;pdanniel35;aU2<uIJE$~S6;null
Sleney;Alvin;asleney36@hugedomains.com;f;2003-11-08;asleney36;rZ6#OW?N;null
Dimic;Humfrey;hdimic37@forbes.com;f;1997-07-14;hdimic37;nW4?NZmza;null
Parcall;Colet;cparcall38@so-net.ne.jp;f;1996-06-05;cparcall38;"sL4""sE9Fct<@";null
Guitton;Fanya;fguitton39@timesonline.co.uk;n;2004-10-16;fguitton39;aK6>2/H#j)F*z)p;null
Harradine;Corly;charradine3a@goodreads.com;n;1984-11-05;charradine3a;mE2&.zs;null
Lewcock;Lonnard;llewcock3b@drupal.org;f;1983-10-15;llewcock3b;vB8=k$LMTmZCwU;null
Brettle;Urbain;ubrettle3c@vinaora.com;f;1972-01-24;ubrettle3c;xP8)l5z~di;null
Matteo;Corbett;cmatteo3d@cmu.edu;f;2000-05-18;cmatteo3d;aX09C9k$VJ;null
Quin;Gwyneth;gquin3e@tripadvisor.com;n;1957-04-26;gquin3e;"fA6""0G$""A!""";null
Morilla;Phylis;pmorilla3f@wix.com;n;1978-12-06;pmorilla3f;mI4>ir#6UPC;null
MacKill;Yuma;ymackill3g@arstechnica.com;f;1996-10-12;ymackill3g;iQ7&y63jOHLl;null
Gobolos;Doroteya;dgobolos3h@lulu.com;n;1988-07-31;dgobolos3h;"bP5"")Gc&t?";null
Torrans;Claudia;ctorrans3i@umich.edu;n;1989-10-29;ctorrans3i;cW1?J0zI4uG;null
Rigate;Hazel;hrigate3j@amazonaws.com;f;1967-03-28;hrigate3j;"hA6""*JKFV8YTiSK";null
Iacovaccio;Gabi;giacovaccio3k@mit.edu;n;1975-10-23;giacovaccio3k;rJ1`p*#zq9*<~u`C;null
Noen;Kelly;knoen3l@smugmug.com;n;1958-06-12;knoen3l;kO2}v4HE8%;null
Cousins;Katharyn;kcousins3m@squarespace.com;n;1999-09-24;kcousins3m;bV3<t5{3G#aLF*;null
Spring;Lucian;lspring3n@oracle.com;f;2005-02-06;lspring3n;kF0}v@chBK!<d%%;null
Frear;Gabriella;gfrear3o@netlog.com;n;1976-07-23;gfrear3o;yB7|E8EJJ\j3TG;null
Mulheron;Kory;kmulheron3p@arstechnica.com;f;1964-06-28;kmulheron3p;jV1{xi728<4O;null
Allsobrook;Jillie;jallsobrook3q@cam.ac.uk;n;2005-07-11;jallsobrook3q;"fC6=RJ/Fb"".h5";null
Test;Brier;btest3r@oaic.gov.au;n;1956-07-29;btest3r;hZ6\k>d7}rU3;null
Tures;Erhart;etures3s@dot.gov;f;1988-01-05;etures3s;"zL7?eJKiP3""rj";null
Lucien;Deborah;dlucien3t@scientificamerican.com;n;1992-08-18;dlucien3t;cI8~oHnM2;null
Whitley;Lily;lwhitley3u@icq.com;n;1986-06-18;lwhitley3u;bU2|(t7n;null
Snasel;Inger;isnasel3v@engadget.com;n;1958-03-18;isnasel3v;oZ7\.BqJV#pi>;null
Edwards;Packston;pedwards3w@hibu.com;f;1959-12-03;pedwards3w;zD2(P(T#k(.Qrr;null
