vezeteknev;keresztnev;email;nem;szuletesi_datum;username;password
Cruddace;Avivah;acruddace0@uol.com.br;n;1991-06-09;acruddace0;"lN9`<""4.41Iv?"
Oran;Andre;aoran1@ameblo.jp;f;1996-07-03;aoran1;"gD8>""ZodT6"
Dickinson;Emmeline;edickinson2@ask.com;n;2004-09-01;edickinson2;vO2)!kFrD=ocr=X
Cossentine;Clemence;ccossentine3@smugmug.com;n;1983-01-16;ccossentine3;aQ6+1.tNK27?
Felmingham;Gerhardt;gfelmingham4@cafepress.com;f;1963-05-14;gfelmingham4;iW6\o+QA
Brigg;Dolli;dbrigg5@mlb.com;n;1998-07-04;dbrigg5;nI5?rA%=gYeI
Caddens;Melanie;mcaddens6@angelfire.com;n;1999-04-04;mcaddens6;aI6?$|I~#cY
LeGrand;Cathee;clegrand7@nsw.gov.au;n;1975-02-22;clegrand7;"sX7""""bavsv|"
Cutchie;Yard;ycutchie8@va.gov;f;1979-11-16;ycutchie8;lU3`8Q\NU)O&ji
Glyn;Beckie;bglyn9@nydailynews.com;n;1984-03-05;bglyn9;rQ2_Hc0MiOq
Learoyde;Horten;hlearoydea@github.com;f;1972-03-09;hlearoydea;qG6?YYwk
Anfosso;Briant;banfossob@state.tx.us;f;1972-09-27;banfossob;mD3}qje<n
McKirton;Lory;lmckirtonc@wikispaces.com;n;1974-11-15;lmckirtonc;kH3+EV9Q}m$($
Ansteys;Angeline;aansteysd@vinaora.com;n;1970-05-17;aansteysd;xA4)ij7}UPde2